name,caliber,price,quantity,price_per_round,retailer,in_stock,url,scraped_at
Buy this 1000 Rounds of  Bulk 9mm Ammo by Sellier &amp; Bellot - 115gr FMJ,9MM,268.0,1000,0.268,Bulk Ammo,True,https://www.bulkammo.com/handgun?limit=100&p=1,2026-09-21 18:48:55
Buy this 50 Rounds of Bulk 9mm Ammo by Blazer - 115gr FMJ,9MM,15.25,50,0.305,Bulk Ammo,True,https://www.bulkammo.com/handgun?limit=100&p=1,2026-09-21 18:48:55
Buy this 50 Rounds of  Bulk .380 ACP Ammo by Fiocchi - 95gr FMJ,.380,19.75,50,0.395,Bulk Ammo,True,https://www.bulkammo.com/handgun?limit=100&p=1,2026-09-21 18:48:55
Buy this 50 Rounds of  Bulk .45 ACP Ammo by Magtech - 230gr FMJ,.45 ACP,23.5,50,0.47,Bulk Ammo,True,https://www.bulkammo.com/handgun?limit=100&p=1,2026-09-21 18:48:55
Buy this 1000 Rounds of Bulk .45 ACP Ammo by Magtech - 230gr FMJ,.45 ACP,379.0,1000,0.379,Bulk Ammo,True,https://www.bulkammo.com/handgun?limit=100&p=1,2026-09-21 18:48:55
Buy this 50 Rounds of  Bulk .44 Mag Ammo by Magtech - 240gr SJSP,.44,39.5,50,0.79,Bulk Ammo,True,https://www.bulkammo.com/handgun?limit=100&p=1,2026-09-21 18:48:55
Buy this 1000 Rounds of  Bulk .45 ACP Ammo by Blazer - 230gr FMJ,.45 ACP,380.0,1000,0.38,Bulk Ammo,True,https://www.bulkammo.com/handgun?limit=100&p=1,2026-09-21 18:48:55
Buy this 1000 Rounds of  Bulk .380 ACP Ammo by PMC - 90gr FMJ,.380,369.0,1000,0.369,Bulk Ammo,True,https://www.bulkammo.com/handgun?limit=100&p=1,2026-09-21 18:48:55
Buy this 50 Rounds of  Bulk .380 ACP Ammo by PMC - 90gr FMJ,.380,21.75,50,0.435,Bulk Ammo,True,https://www.bulkammo.com/handgun?limit=100&p=1,2026-09-21 18:48:55
Buy this 1000 Rounds of  Bulk .380 ACP Ammo by Fiocchi - 95gr FMJ,.380,325.0,1000,0.325,Bulk Ammo,True,https://www.bulkammo.com/handgun?limit=100&p=1,2026-09-21 18:48:55
Buy this 50 Rounds of  Bulk .45 ACP Ammo by Sellier &amp; Bellot - 230gr FMJ,.45 ACP,21.5,50,0.43,Bulk Ammo,True,https://www.bulkammo.com/handgun?limit=100&p=1,2026-09-21 18:48:55
Buy this 1000 Rounds of Bulk .380 ACP Ammo by Blazer - 95gr FMJ,.380,349.0,1000,0.349,Bulk Ammo,True,https://www.bulkammo.com/handgun?limit=100&p=1,2026-09-21 18:48:55
Buy this 1000 Rounds of Bulk 9mm Ammo by Blazer - 115gr FMJ,9MM,248.0,1000,0.248,Bulk Ammo,True,https://www.bulkammo.com/handgun?limit=100&p=1,2026-09-21 18:48:55
Buy this 1000 Rounds of Bulk 9mm Ammo by Blazer Brass - 115gr FMJ,9MM,270.0,1000,0.27,Bulk Ammo,True,https://www.bulkammo.com/handgun?limit=100&p=1,2026-09-21 18:48:55
Buy this 50 Rounds of  Bulk 9mm Ammo by Blazer  - 115gr FMJ,9MM,16.25,50,0.325,Bulk Ammo,True,https://www.bulkammo.com/handgun?limit=100&p=1,2026-09-21 18:48:55
Buy this 50 Rounds of  Bulk 9mm Ammo by PMC - 115gr FMJ,9MM,16.25,50,0.325,Bulk Ammo,True,https://www.bulkammo.com/handgun?limit=100&p=1,2026-09-21 18:48:55
Buy this 1000 Rounds of Bulk 9mm Ammo by Magtech - 124gr FMJ,9MM,279.0,1000,0.279,Bulk Ammo,True,https://www.bulkammo.com/handgun?limit=100&p=1,2026-09-21 18:48:55
Buy this 100 Rounds of  Bulk 9mm Ammo by Remington - 115gr MC,9MM,29.75,100,0.2975,Bulk Ammo,True,https://www.bulkammo.com/handgun?limit=100&p=1,2026-09-21 18:48:55
Buy this 50 Rounds of  Bulk 9mm Ammo by Speer - 147gr TMJ,9MM,16.75,50,0.335,Bulk Ammo,True,https://www.bulkammo.com/handgun?limit=100&p=1,2026-09-21 18:48:55
Buy this 50 Rounds of Bulk .45 ACP Ammo by Fiocchi - 230gr FMJ,.45 ACP,24.25,50,0.485,Bulk Ammo,True,https://www.bulkammo.com/handgun?limit=100&p=1,2026-09-21 18:48:55
Buy this 1000 Rounds of  Bulk .45 ACP Ammo by Fiocchi - 230gr FMJ,.45 ACP,389.0,1000,0.389,Bulk Ammo,True,https://www.bulkammo.com/handgun?limit=100&p=2,2026-09-21 18:49:01
Buy this 1000 Rounds of  Bulk .380 ACP Ammo by Fiocchi - 90gr JHP,.380,449.0,1000,0.449,Bulk Ammo,True,https://www.bulkammo.com/handgun?limit=100&p=2,2026-09-21 18:49:01
Buy this 1000 Rounds of  Bulk .380 ACP Ammo by Federal - 95gr FMJ,.380,379.0,1000,0.379,Bulk Ammo,True,https://www.bulkammo.com/handgun?limit=100&p=2,2026-09-21 18:49:01
Buy this 50 Rounds of  Bulk .357 SIG Ammo by Winchester - 125gr FMJ,.357,30.5,50,0.61,Bulk Ammo,True,https://www.bulkammo.com/handgun?limit=100&p=2,2026-09-21 18:49:01
Buy this 50 Rounds of  Bulk 9mm Ammo by Federal - 115gr JHP,9MM,24.25,50,0.485,Bulk Ammo,True,https://www.bulkammo.com/handgun?limit=100&p=2,2026-09-21 18:49:01
Buy this 1000 Rounds of  Bulk 9mm Ammo by Federal American Eagle - 124gr FMJ,9MM,293.0,1000,0.293,Bulk Ammo,True,https://www.bulkammo.com/handgun?limit=100&p=2,2026-09-21 18:49:01
Buy this 50 Rounds of  Bulk 9mm Ammo by Federal - 124gr FMJ,9MM,15.75,50,0.315,Bulk Ammo,True,https://www.bulkammo.com/handgun?limit=100&p=2,2026-09-21 18:49:01
Buy this 50 Rounds of  Bulk .44 Mag Ammo by Prvi Partizan - 240gr JHP,.44,46.25,50,0.925,Bulk Ammo,True,https://www.bulkammo.com/handgun?limit=100&p=2,2026-09-21 18:49:01
Buy this 100 Rounds of  Bulk .45 ACP Ammo by Winchester - 230gr FMJ,.45 ACP,49.5,100,0.495,Bulk Ammo,True,https://www.bulkammo.com/handgun?limit=100&p=2,2026-09-21 18:49:01
Buy this 100 Rounds of  Bulk .45 ACP Ammo by Remington - 230gr MC,.45 ACP,47.5,100,0.475,Bulk Ammo,True,https://www.bulkammo.com/handgun?limit=100&p=2,2026-09-21 18:49:01
Buy this 50 Rounds of  Bulk 9mm Ammo by Remington - 124gr MC,9MM,17.5,50,0.35,Bulk Ammo,True,https://www.bulkammo.com/handgun?limit=100&p=2,2026-09-21 18:49:01
Buy this 50 Rounds of  Bulk 9mm Ammo by Winchester - 115gr FMJ,9MM,17.25,50,0.345,Bulk Ammo,True,https://www.bulkammo.com/handgun?limit=100&p=2,2026-09-21 18:49:01
Buy this 1000 Rounds of  Bulk .45 ACP Ammo by Federal - 230gr FMJ,.45 ACP,499.0,1000,0.499,Bulk Ammo,True,https://www.bulkammo.com/handgun?limit=100&p=2,2026-09-21 18:49:01
Buy this 50 Rounds of  Bulk 9mm Ammo by Federal - 147gr FMJ,9MM,18.25,50,0.365,Bulk Ammo,True,https://www.bulkammo.com/handgun?limit=100&p=2,2026-09-21 18:49:01
Buy this 50 Rounds of  Bulk .44 Mag Ammo by Fiocchi - 240gr SJSP,.44,55.5,50,1.11,Bulk Ammo,True,https://www.bulkammo.com/handgun?limit=100&p=2,2026-09-21 18:49:01
Buy this 100 Rounds of  Bulk 9mm Ammo by Winchester - 115gr FMJ,9MM,31.5,100,0.315,Bulk Ammo,True,https://www.bulkammo.com/handgun?limit=100&p=2,2026-09-21 18:49:01
Buy this 500  Rounds of  Bulk 9mm Ammo by Remington - 124gr MC,9MM,135.0,500,0.27,Bulk Ammo,True,https://www.bulkammo.com/handgun?limit=100&p=2,2026-09-21 18:49:01
Buy this 1000 Rounds of  Bulk 9mm Ammo by Federal Hi-Shok - 115gr JHP,9MM,434.0,1000,0.434,Bulk Ammo,True,https://www.bulkammo.com/handgun?limit=100&p=2,2026-09-21 18:49:01
Buy this 25 Rounds of  Bulk .357 Mag Ammo by Hornady - 158gr JHP,.357,33.5,25,1.34,Bulk Ammo,True,https://www.bulkammo.com/handgun?limit=100&p=2,2026-09-21 18:49:01
Buy this 50 Rounds of  Bulk .357 SIG Ammo by Fiocchi - 124gr FMJTC,.357,35.5,50,0.71,Bulk Ammo,True,https://www.bulkammo.com/handgun?limit=100&p=2,2026-09-21 18:49:01
Buy this 50 Rounds of  Bulk .45 ACP Ammo by PMC - 230gr FMJ,.45 ACP,24.75,50,0.495,Bulk Ammo,True,https://www.bulkammo.com/handgun?limit=100&p=2,2026-09-21 18:49:01
Buy this 1000 Rounds of  Bulk .45 ACP Ammo by PMC - 230gr FMJ,.45 ACP,439.0,1000,0.439,Bulk Ammo,True,https://www.bulkammo.com/handgun?limit=100&p=2,2026-09-21 18:49:01
Buy this 1000 Rounds of  Bulk .223 Ammo by PMC - 55gr FMJBT,.223,415.0,1000,0.415,Bulk Ammo,True,https://www.bulkammo.com/rifle?limit=100&p=1,2026-09-21 18:49:10
Buy this 20 Rounds of  Bulk .223 Ammo by PMC - 55gr FMJBT,.223,12.55,20,0.6275,Bulk Ammo,True,https://www.bulkammo.com/rifle?limit=100&p=1,2026-09-21 18:49:10
Buy this 20 Rounds of  Bulk .308 Win Ammo by Remington - 150gr PSP,.308,33.0,20,1.65,Bulk Ammo,True,https://www.bulkammo.com/rifle?limit=100&p=1,2026-09-21 18:49:10
Buy this 20 Rounds of  Bulk .308 Win Ammo by Winchester - 150gr PP,.308,28.5,20,1.425,Bulk Ammo,True,https://www.bulkammo.com/rifle?limit=100&p=1,2026-09-21 18:49:10
Buy this 20 Rounds of  Bulk .308 Win Ammo by Winchester - 180gr PP,.308,29.5,20,1.475,Bulk Ammo,True,https://www.bulkammo.com/rifle?limit=100&p=1,2026-09-21 18:49:10
Buy this 20 Rounds of  Bulk .308 Win Ammo by Winchester - 147gr FMJ,.308,23.5,20,1.175,Bulk Ammo,True,https://www.bulkammo.com/rifle?limit=100&p=1,2026-09-21 18:49:10
Buy this 20 Rounds of  Bulk .308 Win Ammo by Federal - 150gr FMJBT,.308,26.5,20,1.325,Bulk Ammo,True,https://www.bulkammo.com/rifle?limit=100&p=1,2026-09-21 18:49:10
Buy this 1000 Rounds of  Bulk .223 Ammo by Fiocchi - 40gr V-MAX,.223,749.0,1000,0.749,Bulk Ammo,True,https://www.bulkammo.com/rifle?limit=100&p=1,2026-09-21 18:49:10
Buy this 20 Rounds of  Bulk .308 Win Ammo by PMC - 147gr FMJBT,.308,21.5,20,1.075,Bulk Ammo,True,https://www.bulkammo.com/rifle?limit=100&p=1,2026-09-21 18:49:10
Buy this 500  Rounds of  Bulk .308 Win Ammo by PMC - 147gr FMJBT,.308,429.0,500,0.858,Bulk Ammo,True,https://www.bulkammo.com/rifle?limit=100&p=2,2026-09-21 18:49:14
Buy this 1000 Rounds of Bulk 5.56x45mm Ammo by PMC - 62gr FMJ M855 - Steel Penetrator Rounds,5.56,455.0,1000,0.455,Bulk Ammo,True,https://www.bulkammo.com/rifle?limit=100&p=2,2026-09-21 18:49:14
Buy this 20 Rounds of  Bulk 5.56x45mm Green Tip M855 Ammo by PMC - 62gr FMJ,5.56,15.5,20,0.775,Bulk Ammo,True,https://www.bulkammo.com/rifle?limit=100&p=2,2026-09-21 18:49:14
Buy this 500 Rounds of  Bulk .308 Win Ammo by Federal - 150gr FMJBT,.308,560.0,500,1.12,Bulk Ammo,True,https://www.bulkammo.com/rifle?limit=100&p=2,2026-09-21 18:49:14
Buy this 500 Rounds of  Bulk .308 Win Ammo by Sellier &amp; Bellot - 147gr FMJ,.308,489.0,500,0.978,Bulk Ammo,True,https://www.bulkammo.com/rifle?limit=100&p=2,2026-09-21 18:49:14
Buy this 20 Rounds of  Bulk .308 Win Ammo by Sellier &amp; Bellot - 147gr FMJ,.308,22.25,20,1.1125,Bulk Ammo,True,https://www.bulkammo.com/rifle?limit=100&p=2,2026-09-21 18:49:14
Buy this 200 Rounds of  Bulk .308 Win Ammo by Winchester - 147gr FMJ,.308,180.0,200,0.9,Bulk Ammo,True,https://www.bulkammo.com/rifle?limit=100&p=2,2026-09-21 18:49:14
Buy this 100 Rounds of  Bulk .22 LR Ammo by CCI - 36gr CPHP,22LR,15.5,100,0.155,Bulk Ammo,True,https://www.bulkammo.com/rimfire?limit=100&p=1,2026-09-21 18:49:24
Buy this 5000 Rounds of  Bulk .22 LR Ammo by CCI - 36gr CPHP,22LR,725.0,5000,0.145,Bulk Ammo,True,https://www.bulkammo.com/rimfire?limit=100&p=1,2026-09-21 18:49:24
Buy this 5000 Rounds of  Bulk .22 LR Ammo by Armscor - 36gr HP,22LR,358.0,5000,0.0716,Bulk Ammo,True,https://www.bulkammo.com/rimfire?limit=100&p=1,2026-09-21 18:49:24
Buy this 5000 Rounds of  Bulk .22 LR Ammo by Remington - 40gr LRN,22LR,404.0,5000,0.0808,Bulk Ammo,True,https://www.bulkammo.com/rimfire?limit=100&p=1,2026-09-21 18:49:24
Buy this 500 Rounds of  Bulk .22 LR Ammo by Remington Thunderbolt - 40gr LRN,22LR,43.5,500,0.087,Bulk Ammo,True,https://www.bulkammo.com/rimfire?limit=100&p=1,2026-09-21 18:49:24
Buy this 500  Rounds of  Bulk .22 LR Ammo by Armscor - 36gr HP,22LR,36.75,500,0.0735,Bulk Ammo,True,https://www.bulkammo.com/rimfire?limit=100&p=1,2026-09-21 18:49:24
Buy this 50 Rounds of Bulk .22 WMR Ammo by CCI - 40gr JHP,.22 WMR,19.5,50,0.39,Bulk Ammo,True,https://www.bulkammo.com/rimfire?limit=100&p=1,2026-09-21 18:49:24
Buy this 50 Rounds of  Bulk .22 WMR Ammo by CCI - 40gr TMJ,.22 WMR,16.25,50,0.325,Bulk Ammo,True,https://www.bulkammo.com/rimfire?limit=100&p=1,2026-09-21 18:49:24
Buy this 50 Rounds of  Bulk .17HMR Ammo by CCI - 20gr JSP,.17 HMR,18.5,50,0.37,Bulk Ammo,True,https://www.bulkammo.com/rimfire?limit=100&p=1,2026-09-21 18:49:24
Buy this 50 Rounds of  Bulk .17HMR Ammo by Hornady - 17gr V-MAX,.17 HMR,18.25,50,0.365,Bulk Ammo,True,https://www.bulkammo.com/rimfire?limit=100&p=1,2026-09-21 18:49:24
Buy this 50 Rounds of Bulk .22 WMR Ammo by Armscor - 40gr JHP,.22 WMR,12.75,50,0.255,Bulk Ammo,True,https://www.bulkammo.com/rimfire?limit=100&p=1,2026-09-21 18:49:24
Buy this 50 Rounds of  Bulk .22 WMR Ammo by Remington - 33gr Accutip,.22 WMR,17.5,50,0.35,Bulk Ammo,True,https://www.bulkammo.com/rimfire?limit=100&p=1,2026-09-21 18:49:24
Buy this 50 Rounds of  Bulk .22 WMR Ammo by Remington - 40gr JHP,.22 WMR,19.5,50,0.39,Bulk Ammo,True,https://www.bulkammo.com/rimfire?limit=100&p=1,2026-09-21 18:49:24
Buy this 50 Rounds of  Bulk .22 WMR Ammo by Hornady - 45 gr FTX,.22 WMR,19.75,50,0.395,Bulk Ammo,True,https://www.bulkammo.com/rimfire?limit=100&p=1,2026-09-21 18:49:24
Buy this 50 Rounds of  Bulk .22 WMR Ammo by Hornady - 30gr V-MAX,.22 WMR,17.25,50,0.345,Bulk Ammo,True,https://www.bulkammo.com/rimfire?limit=100&p=1,2026-09-21 18:49:24
Buy this 50 Rounds of  Bulk .22 WMR Ammo by Fiocchi - 40gr TMJ,.22 WMR,18.5,50,0.37,Bulk Ammo,True,https://www.bulkammo.com/rimfire?limit=100&p=1,2026-09-21 18:49:24
Buy this 500  Rounds of  Bulk .22 LR Ammo by Federal - 40gr CPRN,22LR,69.0,500,0.138,Bulk Ammo,True,https://www.bulkammo.com/rimfire?limit=100&p=1,2026-09-21 18:49:24
Buy this 50 Rounds of  Bulk .22 LR Ammo by CCI - 40gr LRN,22LR,7.5,50,0.15,Bulk Ammo,True,https://www.bulkammo.com/rimfire?limit=100&p=1,2026-09-21 18:49:24
Buy this 50 Rounds of  Bulk .22 LR Ammo by CCI Stinger - 32 gr CPHP,22LR,12.5,50,0.25,Bulk Ammo,True,https://www.bulkammo.com/rimfire?limit=100&p=1,2026-09-21 18:49:24
Buy this 2000 Rounds of  Bulk .22 WMR Ammo by CCI - 40gr TMJ,.22 WMR,599.0,2000,0.2995,Bulk Ammo,True,https://www.bulkammo.com/rimfire?limit=100&p=1,2026-09-21 18:49:24
Buy this 1400 Rounds of  Bulk .22 LR Ammo by Remington - 36gr HP,22LR,114.0,1400,0.0814,Bulk Ammo,True,https://www.bulkammo.com/rimfire?limit=100&p=1,2026-09-21 18:49:24
Buy this 50 Rounds of  Bulk .22 WMR Ammo by Winchester - 40gr FMJ,.22 WMR,14.25,50,0.285,Bulk Ammo,True,https://www.bulkammo.com/rimfire?limit=100&p=1,2026-09-21 18:49:24
Buy this 100 Rounds of  Bulk .22 LR Ammo by Remington - 36gr TC-SB,22LR,12.5,100,0.125,Bulk Ammo,True,https://www.bulkammo.com/rimfire?limit=100&p=1,2026-09-21 18:49:24
Buy this 3250 Rounds of  Bulk .22 LR Ammo by Federal AutoMatch - 40gr LRN,22LR,274.0,3250,0.0843,Bulk Ammo,True,https://www.bulkammo.com/rimfire?limit=100&p=1,2026-09-21 18:49:24
Buy this 100 Rounds of  Bulk .22 LR Ammo by Remington - 40gr PRN,22LR,13.5,100,0.135,Bulk Ammo,True,https://www.bulkammo.com/rimfire?limit=100&p=1,2026-09-21 18:49:24
Buy this 50 Rounds of  Bulk .17HMR Ammo by CCI - 16gr HP,.17 HMR,19.25,50,0.385,Bulk Ammo,True,https://www.bulkammo.com/rimfire?limit=100&p=2,2026-09-21 18:49:28
Buy this 50 Rounds of  Bulk .22 LR Ammo by Federal - 25gr #12 shot,22LR,19.25,50,0.385,Bulk Ammo,True,https://www.bulkammo.com/rimfire?limit=100&p=2,2026-09-21 18:49:28
Buy this 50 Rounds of  Bulk .17HMR Ammo by CCI - 17gr V-Max,.17 HMR,18.25,50,0.365,Bulk Ammo,True,https://www.bulkammo.com/rimfire?limit=100&p=2,2026-09-21 18:49:28
Buy this 50 Rounds of  Bulk .22 LR Ammo by Eley - 40gr LRN,22LR,21.25,50,0.425,Bulk Ammo,True,https://www.bulkammo.com/rimfire?limit=100&p=2,2026-09-21 18:49:28
Buy this 50 Rounds of  Bulk .17HMR Ammo by Hornady - 20gr JHP,.17 HMR,18.5,50,0.37,Bulk Ammo,True,https://www.bulkammo.com/rimfire?limit=100&p=2,2026-09-21 18:49:28
Buy this 50 Rounds of  Bulk .22 LR Ammo by Federal - 40gr CPRN,22LR,8.25,50,0.165,Bulk Ammo,True,https://www.bulkammo.com/rimfire?limit=100&p=2,2026-09-21 18:49:28
Buy this 50 Rounds of  Bulk .22 WMR Ammo by CCI - 30gr Polymer Tipped,.22 WMR,19.5,50,0.39,Bulk Ammo,True,https://www.bulkammo.com/rimfire?limit=100&p=2,2026-09-21 18:49:28
Buy this 50 Rounds of  Bulk .22 WMR Ammo by Winchester - 45 gr CPHP,.22 WMR,17.35,50,0.347,Bulk Ammo,True,https://www.bulkammo.com/rimfire?limit=100&p=2,2026-09-21 18:49:28
Buy this 50 Rounds of  Bulk .22 LR Ammo by Winchester - 42 gr CPHP,22LR,9.75,50,0.195,Bulk Ammo,True,https://www.bulkammo.com/rimfire?limit=100&p=2,2026-09-21 18:49:28
Buy this 50 Rounds of  Bulk .22 LR Ammo by CCI - 40gr CPHP,22LR,12.5,50,0.25,Bulk Ammo,True,https://www.bulkammo.com/rimfire?limit=100&p=2,2026-09-21 18:49:28
Buy this 50 Rounds of  Bulk .17HMR Ammo by Federal - 17gr Polymer Tipped,.17 HMR,14.75,50,0.295,Bulk Ammo,True,https://www.bulkammo.com/bulk-17hmr-ammo-17hmr17grvmaxp771federalvshok-50,2026-09-21 18:49:28
Buy this 300 Rounds of Bulk .22 LR Ammo by CCI - 36gr CPHP,22LR,42.5,300,0.1417,Bulk Ammo,True,https://www.bulkammo.com/rimfire?limit=100&p=2,2026-09-21 18:49:28
Buy this 300 Rounds of  Bulk .22 LR Ammo by CCI - 40gr CPRN,22LR,40.5,300,0.135,Bulk Ammo,True,https://www.bulkammo.com/rimfire?limit=100&p=2,2026-09-21 18:49:28
Buy this 50 Rounds of  Bulk .22 LR Ammo by Armscor - 36gr HP,22LR,7.75,50,0.155,Bulk Ammo,True,https://www.bulkammo.com/rimfire?limit=100&p=2,2026-09-21 18:49:28
Buy this 500  Rounds of  Bulk .22 LR Ammo by CCI - 32 gr CPHP,22LR,104.0,500,0.208,Bulk Ammo,True,https://www.bulkammo.com/rimfire?limit=100&p=2,2026-09-21 18:49:28
Buy this 500  Rounds of  Bulk .22 WMR Ammo by Hornady - 30gr V-Max,.22 WMR,144.0,500,0.288,Bulk Ammo,True,https://www.bulkammo.com/rimfire?limit=100&p=2,2026-09-21 18:49:28
Buy this 50 Rounds of  Bulk .22 WMR Ammo by Winchester Varmint - 30gr V-Max,.22 WMR,22.75,50,0.455,Bulk Ammo,True,https://www.bulkammo.com/rimfire?limit=100&p=2,2026-09-21 18:49:28
Buy this 200 Rounds of  Bulk .17HMR Ammo by CCI - 17gr Polymer Tip,.17 HMR,69.0,200,0.345,Bulk Ammo,True,https://www.bulkammo.com/rimfire?limit=100&p=2,2026-09-21 18:49:28
Buy this 3000 Rounds of Bulk .22 LR Ammo by CCI - 36gr CPHP,22LR,419.0,3000,0.1397,Bulk Ammo,True,https://www.bulkammo.com/rimfire?limit=100&p=2,2026-09-21 18:49:28
Buy this 5000 Rounds of Bulk .22 LR Ammo by CCI - 32gr CPHP,22LR,949.0,5000,0.1898,Bulk Ammo,True,https://www.bulkammo.com/rimfire?limit=100&p=2,2026-09-21 18:49:28
Buy this 5 Rounds of  Bulk 12ga Ammo by Winchester -  00 Buck,12GA,7.5,5,1.5,Bulk Ammo,True,https://www.bulkammo.com/shotgun?limit=100&p=1,2026-09-21 18:49:36
Buy this 250 Rounds of  Bulk 12ga Ammo by Remington -  00 Buck,12GA,374.0,250,1.496,Bulk Ammo,True,https://www.bulkammo.com/shotgun?limit=100&p=1,2026-09-21 18:49:36
Buy this 250 Rounds of  Bulk 12ga Ammo by Rio Royal -  00 Buck,12GA,180.0,250,0.72,Bulk Ammo,True,https://www.bulkammo.com/shotgun?limit=100&p=1,2026-09-21 18:49:36
Buy this 250 Rounds of  Bulk 12ga Ammo by Sellier &amp; Bellot -  00 Buck,12GA,169.0,250,0.676,Bulk Ammo,True,https://www.bulkammo.com/shotgun?limit=100&p=1,2026-09-21 18:49:36
Buy this 250 Rounds of  Bulk 12ga Ammo by Winchester - 1 1/8 ounce #4 shot,12GA,94.0,250,0.376,Bulk Ammo,True,https://www.bulkammo.com/shotgun?limit=100&p=1,2026-09-21 18:49:36
Buy this 250 Rounds of  Bulk 12ga Ammo by Winchester - 1 1/8 ounce #7 Shot (Steel),12GA,117.0,250,0.468,Bulk Ammo,True,https://www.bulkammo.com/shotgun?limit=100&p=1,2026-09-21 18:49:36
Buy this 250 Rounds of  Bulk 12ga Low Recoil Ammo by Rio Royal -  00 Buck,12GA,169.0,250,0.676,Bulk Ammo,True,https://www.bulkammo.com/shotgun?limit=100&p=1,2026-09-21 18:49:36
Buy this 5 Rounds of  Bulk 12ga Ammo by Rio Royal Buck -  00 Buck,12GA,6.0,5,1.2,Bulk Ammo,True,https://www.bulkammo.com/shotgun?limit=100&p=1,2026-09-21 18:49:36
Buy this 5 Rounds of  Bulk 12ga Ammo by Hornady - 300 gr SST Sabot Slug,12GA,17.25,5,3.45,Bulk Ammo,True,https://www.bulkammo.com/shotgun?limit=100&p=1,2026-09-21 18:49:36
Buy this 10 Rounds of Bulk 12ga 3&quot; Magnum Shells by Sellier &amp; Bellot -  00 Buck,12GA,11.5,10,1.15,Bulk Ammo,True,https://www.bulkammo.com/shotgun?limit=100&p=1,2026-09-21 18:49:36
Buy this 250 Rounds of  Bulk 12ga Ammo 9P by Sellier &amp; Bellot -  00 Buck,12GA,159.0,250,0.636,Bulk Ammo,True,https://www.bulkammo.com/shotgun?limit=100&p=1,2026-09-21 18:49:36
Buy this 250 Rounds of  Bulk 12ga Ammo 9P by Sellier &amp; Bellot -  00 Buck,12GA,174.0,250,0.696,Bulk Ammo,True,https://www.bulkammo.com/shotgun?limit=100&p=1,2026-09-21 18:49:36
Buy this 250 Rounds of  Bulk 12ga Ammo 9P by Sellier &amp; Bellot -  00 Buck,12GA,18.75,250,0.075,Bulk Ammo,True,https://www.bulkammo.com/shotgun?limit=100&p=1,2026-09-21 18:49:36
Buy this 250 Rounds of  Bulk 20ga Ammo by Federal - 7/8 ounce #9 shot,20GA,87.0,250,0.348,Bulk Ammo,True,https://www.bulkammo.com/bulk-20ga-ammo-20ga2-34target78oz9fedtg-250,2026-09-21 18:49:36
Buy this 25 Rounds of  Bulk 12ga Ammo by Federal - 1 1/8 ounce #7 Shot (Steel),12GA,15.5,25,0.62,Bulk Ammo,True,https://www.bulkammo.com/shotgun?limit=100&p=1,2026-09-21 18:49:36
Buy this 25 Rounds of  Bulk 12ga Ammo by Federal -  #6 shot,12GA,18.75,25,0.75,Bulk Ammo,True,https://www.bulkammo.com/shotgun?limit=100&p=1,2026-09-21 18:49:36
Buy this 10 Rounds of  Bulk 12ga Ammo by Hornady -  00 Buck,12GA,19.25,10,1.925,Bulk Ammo,True,https://www.bulkammo.com/shotgun?limit=100&p=1,2026-09-21 18:49:36
Buy this 25 Rounds of  Bulk 20ga Ammo by Federal - 7/8 ounce #8 shot,20GA,12.0,25,0.48,Bulk Ammo,True,https://www.bulkammo.com/shotgun?limit=100&p=2,2026-09-21 18:49:41
Buy this 250 Rounds of  Bulk 12ga Ammo by Federal - 1 1/8 ounce #8 shot,12GA,93.0,250,0.372,Bulk Ammo,True,https://www.bulkammo.com/shotgun?limit=100&p=2,2026-09-21 18:49:41
Buy this 25 Rounds of  Bulk 20ga Ammo by Federal - 7/8 ounce #9 shot,20GA,11.5,25,0.46,Bulk Ammo,True,https://www.bulkammo.com/shotgun?limit=100&p=2,2026-09-21 18:49:41
Buy this 25 Rounds of  Bulk 20ga Ammo by Rio Ammunition -  #1 Buck,20GA,22.25,25,0.89,Bulk Ammo,True,https://www.bulkammo.com/shotgun?limit=100&p=2,2026-09-21 18:49:41
Buy this 250 Rounds of  Bulk 20ga Ammo by Rio Ammunition -  #1 Buck,20GA,179.0,250,0.716,Bulk Ammo,True,https://www.bulkammo.com/shotgun?limit=100&p=2,2026-09-21 18:49:41
Buy this 250 Rounds of  Bulk 12ga Ammo by Federal Flite Control -  00 Buck 9 Pellets,12GA,269.0,250,1.076,Bulk Ammo,True,https://www.bulkammo.com/shotgun?limit=100&p=2,2026-09-21 18:49:41
Buy this 250 Rounds of  Bulk 12ga Ammo by Federal -  00 Buck,12GA,249.0,250,0.996,Bulk Ammo,True,https://www.bulkammo.com/shotgun?limit=100&p=2,2026-09-21 18:49:41
"Buy this 250 Rounds of  Bulk 12ga Ammo by Federal Red, White, and Blue - 1 1/8 ounce #8 shot",12GA,94.0,250,0.376,Bulk Ammo,True,https://www.bulkammo.com/shotgun?limit=100&p=2,2026-09-21 18:49:41
Buy this 250 Rounds of Bulk 12ga Ammo by Federal - 00 Buck,12GA,259.0,250,1.036,Bulk Ammo,True,https://www.bulkammo.com/shotgun?limit=100&p=2,2026-09-21 18:49:41
Buy this 250 Rounds of  Bulk 12ga Ammo by Winchester -  #1 Buck,12GA,574.0,250,2.296,Bulk Ammo,True,https://www.bulkammo.com/shotgun?limit=100&p=2,2026-09-21 18:49:41
Buy this 5 Rounds of  Bulk 12ga Ammo by Federal - 1 ounce Rifled Slug,12GA,9.75,5,1.95,Bulk Ammo,True,https://www.bulkammo.com/shotgun?limit=100&p=2,2026-09-21 18:49:41
Buy this 250 Rounds of 12ga Ammo by Federal - 1 oz. Hydra-Shok HP Rifled Slug,12GA,250.0,250,1.0,Bulk Ammo,True,https://www.bulkammo.com/shotgun?limit=100&p=2,2026-09-21 18:49:41
